[{"excluded":[],"includePaths":["C:/Qt/5.15.2/mingw81_64/include","C:/Qt/5.15.2/mingw81_64/include/QtWidgets","C:/Qt/5.15.2/mingw81_64/include/QtGui","C:/Qt/5.15.2/mingw81_64/include/QtANGLE","C:/Qt/5.15.2/mingw81_64/include/QtCore","D:/prg/src/TinyCM","D:/prg/src/TinyCM"],"projectFile":"D:/prg/src/TinyCM/TinyCM.pro","sources":["D:/prg/src/TinyCM/Account.cpp","D:/prg/src/TinyCM/Account.h","D:/prg/src/TinyCM/Dlg_Login.cpp","D:/prg/src/TinyCM/Dlg_Login.h","D:/prg/src/TinyCM/Dlg_Login.ui","D:/prg/src/TinyCM/MainWindow.cpp","D:/prg/src/TinyCM/MainWindow.h","D:/prg/src/TinyCM/MainWindow.ui","D:/prg/src/TinyCM/Widget_Accounts.cpp","D:/prg/src/TinyCM/Widget_Accounts.h","D:/prg/src/TinyCM/Widget_Accounts.ui","D:/prg/src/TinyCM/Widget_Plugins.cpp","D:/prg/src/TinyCM/Widget_Plugins.h","D:/prg/src/TinyCM/Widget_Plugins.ui","D:/prg/src/TinyCM/common.cpp","D:/prg/src/TinyCM/common.h","D:/prg/src/TinyCM/main.cpp"],"translations":["D:/prg/src/TinyCM/TinyCM_de.ts"]}]
